PRODUCT NAME,UPC,MANUFACTURER,QUANTITY_ON_HAND,STORAGE_LOCATION,LAST_ORDERED_AT
"A.A. BORSARI, PEPPER SEASONING PEPPERCORN",815893000163,Valley Brook Farm,503,PANTRY,2018-12-03
"A.A. BORSARI, SAVORY SEASONED SALT",815893000156,Valley Brook Farm,2988,PANTRY,2018-12-10
 ALL NATURAL ASIAGO CHEESE,42421150223,"Boar's Head Provision Co., Inc. ",2949,WALK-IN FREEZER,2018-12-17
ALL NATURAL HUMMUS,42421161656,"Boar's Head Provision Co., Inc. ",4603,WALK-IN FREEZER,2018-12-18
AMERICAN CHEESE,42421500011,"Boar's Head Provision Co., Inc. ",1490,WALK-IN FREEZER,2018-12-19
"BOAR'S HEAD, BABY SWISS CHEESE",42421500066,"Boar's Head Provision Co., Inc. ",4794,WALK-IN FREEZER,2018-12-26
BEEF FRANKFURTERS,42421140033,"Boar's Head Provision Co., Inc. ",4781,WALK-IN FREEZER,2019-01-08
"BOAR'S HEAD, ALL NATURAL FETA CHEESE CRUMBLES",42421059328,"Boar's Head Provision Co., Inc. ",575,WALK-IN FREEZER,2019-01-09
"BOAR'S HEAD, ALL NATURAL HUMMUS, ROASTED GARLIC",42421161618,"Boar's Head Provision Co., Inc. ",1328,WALK-IN FREEZER,2019-01-11
"BOAR'S HEAD, BABY SWISS CHEESE",42421500066,"Boar's Head Provision Co., Inc. ",1771,WALK-IN FREEZER,2019-01-15
"BOAR'S HEAD, BARBECUE SAUCE",42421160604,"Boar's Head Provision Co., Inc. ",2830,PANTRY,2019-01-17
"BOAR'S HEAD, BEEF BOLOGNA",42421500400,"Boar's Head Provision Co., Inc. ",2868,WALK-IN FREEZER,2019-03-18
"BOAR'S HEAD, BLANC GRUE, ALL NATURAL GRUYERE CHEESE",42421059748,"Boar's Head Provision Co., Inc. ",1761,WALK-IN FREEZER,2019-02-25
"BOAR'S HEAD, BOLOGNA",42421500301,"Boar's Head Provision Co., Inc. ",4895,WALK-IN FREEZER,2019-02-25
"BOAR'S HEAD, BRUNCKHORST'S, VERMONT CHEDDAR CHEESE",42421500097,"Boar's Head Provision Co., Inc. ",1700,WALK-IN FREEZER,2019-01-28
"BOAR'S HEAD, CAJUN STYLE GOURMAISE",42421160284,"Boar's Head Provision Co., Inc. ",3622,PANTRY,2019-02-01
"BOAR'S HEAD, CANADIAN CHEDDAR CHEESE",42421059656,"Boar's Head Provision Co., Inc. ",504,WALK-IN FREEZER,2019-02-05
"BOAR'S HEAD, CHEDDAR CHEESE, HORSERADISH",42421059663,"Boar's Head Provision Co., Inc. ",2284,WALK-IN FREEZER,2019-02-11
"BOAR'S HEAD, CHICKEN SAUSAGE, BLAZING BUFFALO",42421140149,"Boar's Head Provision Co., Inc. ",4974,WALK-IN FREEZER,2019-02-15
"BOAR'S HEAD, CHIPOTLE GOUDA CHEESE",4242150072,"Boar's Head Provision Co., Inc. ",49,WALK-IN FREEZER,2019-02-25
"DIGIORNO, SHREDDED PARMESAN CHEESE",70277832529,,2639,FREEZER,2019-01-15
"DIGIORNO, SUPREME SPECIALE PIZZA, PIZZERIA!",71921114398,Nestle USA Inc.,3612,FREEZER,2019-01-15
"DIGIORNO, CHEESE STUFFED CRUST PIZZA",71921743741,Nestle USA Inc.,4417,FREEZER,2019-03-15
GOURMET BLOODY MARY MIX,858102004057,Andrew Robbins Holdings LLC,4675,PANTRY,2019-01-17
"MARIE CALLENDER'S, COOKIE MIX",75968106705,International Commissary Corporation,724,PANTRY,2019-03-20